category,headline,url
スポーツ,全て伝えた「水の女王」の誇り,https://news.yahoo.co.jp/pickup/6403129
スポーツ,参戦の水谷隼 愛好家として見て,https://news.yahoo.co.jp/pickup/6403122
スポーツ,「引退」宣言 水谷隼が現役続行,https://news.yahoo.co.jp/pickup/6403059
スポーツ,長友佑都 欧州でプレー継続意向,https://news.yahoo.co.jp/pickup/6403091
スポーツ,3本差で大谷猛追 2位が5戦連発,https://news.yahoo.co.jp/pickup/6403073
スポーツ,メッシがPSGデビュー 途中出場,https://news.yahoo.co.jp/pickup/6403072
地域,高3遺体発見 遺棄疑いで逮捕へ,https://news.yahoo.co.jp/pickup/6403144
IT,SNSで資金募る 退避詐欺に注意,https://news.yahoo.co.jp/pickup/6403105
スポーツ,筒香 場外に逆転サヨナラ3ラン,https://news.yahoo.co.jp/pickup/6403056
スポーツ,F1史上最短 3周でレース終了,https://news.yahoo.co.jp/pickup/6403054
地域,高3女子不明 殺害ほのめかす,https://news.yahoo.co.jp/pickup/6403140
地域,91歳を強盗殺人疑い 71歳逮捕,https://news.yahoo.co.jp/pickup/6403134
地域,入院不要とされ療養中 20代死亡,https://news.yahoo.co.jp/pickup/6403117
地域,自宅療養 死後3日たって発見,https://news.yahoo.co.jp/pickup/6403133
地域,ファイザー製でも異物 ゴム片か,https://news.yahoo.co.jp/pickup/6403124
IT,ネット中傷対策 侮辱罪厳罰化へ,https://news.yahoo.co.jp/pickup/6403058
IT,光通信速度100倍へ 開発を強化,https://news.yahoo.co.jp/pickup/6403037
IT,接種予約の詐欺メール続々 注意,https://news.yahoo.co.jp/pickup/6403014
IT,米AppleCEO 825億円相当の賞与,https://news.yahoo.co.jp/pickup/6402939
IT,「つらい選択理解」危うい投稿,https://news.yahoo.co.jp/pickup/6402926
IT,中央省庁共通システム 打ち切り,https://news.yahoo.co.jp/pickup/6402900
科学,新たなデルタ株 国内で初確認,https://news.yahoo.co.jp/pickup/6403109
地域,子がいなくなった 被災後の地区,https://news.yahoo.co.jp/pickup/6403131
地域,食堂のおかみ 実は小国の外交官,https://news.yahoo.co.jp/pickup/6403110
国際,アフガン派遣の自衛隊 撤収へ,https://news.yahoo.co.jp/pickup/6403121
経済,密集フェス 補助金取り消しも,https://news.yahoo.co.jp/pickup/6403132
IT,「イオンペイ」9月から開始,https://news.yahoo.co.jp/pickup/6402890
科学,凍土が融解 まるごと移転する村,https://news.yahoo.co.jp/pickup/6403118
科学,雨危ないのに 外を見に行く心理,https://news.yahoo.co.jp/pickup/6403052
科学,恐ろしいシナリオ 温暖化の暴走,https://news.yahoo.co.jp/pickup/6403040
科学,トドの人工保育 全国の水族館初,https://news.yahoo.co.jp/pickup/6402966
科学,接種後2人死亡 因果関係調査へ,https://news.yahoo.co.jp/pickup/6402960
国内,首相、党役員刷新で狙う求心力,https://news.yahoo.co.jp/pickup/6403139
国際,カブール空港にロケット弾 迎撃,https://news.yahoo.co.jp/pickup/6403100
国際,自由な出国 タリバンから確約,https://news.yahoo.co.jp/pickup/6403069
国際,米軍カブール空爆 市民も犠牲か,https://news.yahoo.co.jp/pickup/6403060
国際,タリバン 大学の男女共学禁止へ,https://news.yahoo.co.jp/pickup/6403093
経済,選手村のバス再開へ 手動操作に,https://news.yahoo.co.jp/pickup/6403128
経済,亡き父と競わず 2代目の車いす,https://news.yahoo.co.jp/pickup/6403126
経済,H2O 関西スーパー子会社化へ,https://news.yahoo.co.jp/pickup/6403119
経済,6000近い郵便局 元局長が大家,https://news.yahoo.co.jp/pickup/6403108
主要,首相、党役員刷新で狙う求心力,https://news.yahoo.co.jp/pickup/6403139
科学,接種後感染し母重症化 娘の訴え,https://news.yahoo.co.jp/pickup/6402938
科学,空気感染が主な経路 研究者声明,https://news.yahoo.co.jp/pickup/6402916
国内,菅政権 二階幹事長の交代検討,https://news.yahoo.co.jp/pickup/6403125
国内,二階幹事長 交代容認の考え伝達,https://news.yahoo.co.jp/pickup/6403130
国内,二階氏 岸田氏の改革案に不快感,https://news.yahoo.co.jp/pickup/6403092
国内,緊急宣言 再延長の公算大きく,https://news.yahoo.co.jp/pickup/6403115
国際,ハリケーン上陸96万軒が停電 米,https://news.yahoo.co.jp/pickup/6403096
国際,北朝鮮 寧辺の原子炉を再稼働か,https://news.yahoo.co.jp/pickup/6403067
国際,ジャック・ロゲIOC前会長が死去,https://news.yahoo.co.jp/pickup/6403055
経済,サン宝石が民事再生法を申請,https://news.yahoo.co.jp/pickup/6403082
経済,釣り客増で?明石ダコ最悪の不漁,https://news.yahoo.co.jp/pickup/6403068
経済,ホンダNSX 最終モデルの全貌は,https://news.yahoo.co.jp/pickup/6403116
主要,二階幹事長 交代容認の考え伝達,https://news.yahoo.co.jp/pickup/6403130
主要,高3遺体発見 遺棄疑いで逮捕へ,https://news.yahoo.co.jp/pickup/6403144
主要,高3女子不明 殺害ほのめかす,https://news.yahoo.co.jp/pickup/6403140
主要,自宅療養 死後3日たって発見,https://news.yahoo.co.jp/pickup/6403133
主要,91歳を強盗殺人疑い 71歳逮捕,https://news.yahoo.co.jp/pickup/6403134
エンタメ,密集フェス 現場のカオスな実態,https://news.yahoo.co.jp/pickup/6403135
国内,総裁選前の臨時国会召集見送り,https://news.yahoo.co.jp/pickup/6403101
国内,パラ開会飛行スモーク 車付着か,https://news.yahoo.co.jp/pickup/6403113
国内,死別の孤独と痛み 支える一言は,https://news.yahoo.co.jp/pickup/6403106
主要,子がいなくなった 被災後の地区,https://news.yahoo.co.jp/pickup/6403131
主要,密集フェス 現場のカオスな実態,https://news.yahoo.co.jp/pickup/6403135
エンタメ,愛知で密状態フェス 主催者謝罪,https://news.yahoo.co.jp/pickup/6403112
エンタメ,Zeebra 密状態のフェス出演謝罪,https://news.yahoo.co.jp/pickup/6403080
エンタメ,強く後悔 鈴木達央が騒動謝罪,https://news.yahoo.co.jp/pickup/6403114
エンタメ,SUPERSONIC 大阪公演を中止,https://news.yahoo.co.jp/pickup/6403087
エンタメ,ヒャダイン 目の前の一日生きて,https://news.yahoo.co.jp/pickup/6403078
エンタメ,近藤真彦 ラジオで芸能活動復帰,https://news.yahoo.co.jp/pickup/6403061
エンタメ,TKO木下 地上波レギュラー復帰,https://news.yahoo.co.jp/pickup/6403057
