headline,title,url
91歳を強盗殺人疑い 71歳逮捕,強盗殺人容疑で71歳男逮捕　91歳女性被害、新潟の住宅,https://news.yahoo.co.jp/pickup/6403134
首相、党役員刷新で狙う求心力,首相、二階幹事長の交代検討…衆院選前に党役員刷新狙いか,https://news.yahoo.co.jp/pickup/6403139
高3遺体発見 遺棄疑いで逮捕へ,【速報】山梨県で行方不明の女子高生（１８）の遺体発見 群馬の夫婦を逮捕へ,https://news.yahoo.co.jp/pickup/6403144
泳ぎ切って幸せ,,https://news.yahoo.co.jp/articles/57143772c65ad8063237a717fad1586a4947cd9d/images/000
子がいなくなった 被災後の地区,【特集】岩手県　台風１０号から５年　教訓を生かすために,https://news.yahoo.co.jp/pickup/6403131
自宅療養 死後3日たって発見,コロナ自宅待機の60代女性　死後3日たって発見　千葉・柏,https://news.yahoo.co.jp/pickup/6403133
高3女子不明 殺害ほのめかす,不明の女子高校生　山梨で遺体発見　遺棄容疑で群馬の夫婦逮捕へ,https://news.yahoo.co.jp/pickup/6403140
二階幹事長 交代容認の考え伝達,【独自】二階氏　幹事長交代容認の考えを菅総理に伝達,https://news.yahoo.co.jp/pickup/6403130
密集フェス 現場のカオスな実態,「ヤバい、ヤバい」女性悲鳴も...体ぶつけ合う観客たち　批判殺到「密フェス」現場のカオスな実態,https://news.yahoo.co.jp/pickup/6403135
